agc.id,available,date.weight1,weight1,date.weight2,weight2
CH0100018621,1,2025-06-05,1487.4,,
CH0100018634,1,2025-06-05,1478.1,,
CH0100018635,0,2025-06-05,NA,,
CH0100022340,1,2025-06-05,1408.8,2025-08-01,1406
CH0100022358,1,2025-06-05,1394.6,,
CH0100022359,1,2025-06-05,1495.6,2025-08-01,1492
CH0100022374,1,2025-06-05,1445.7,,
CH0100022440,1,2025-06-05,1368.1,2025-08-01,1367
CH0100022449,1,2025-06-05,1450.4,,
CH0100022511,0,2025-06-05,NA,,
CH0100022685,1,2025-06-05,1445.7,2025-08-01,1440
CH0100022762,1,2025-06-05,1434.2,2025-08-01,1432
CH0100026809,1,2025-06-05,1416.9,2025-08-01,1413
CH0100027236,0,2025-06-05,NA,,
CH0100027240,1,2025-06-05,1413.4,2025-08-01,1410
CH0100027253,1,2025-06-05,1406.9,2025-08-01,1403
CH0100027255,1,2025-06-05,1412.1,2025-08-01,1409
CH0100027395,1,2025-06-05,1323,2025-08-01,1322
CH0100027397,1,2025-06-05,1453,2025-08-01,1444
CH0100027403,1,2025-06-05,1427.2,2025-08-01,1424
CH0100027409,0,2025-06-05,NA,,
CH0100027412,1,2025-06-05,1411.7,2025-08-01,1408
CH0100027432,0,2025-06-05,NA,,
CH0100027442,1,2025-06-05,NA,,
CH0100027971,0,2025-06-05,NA,,
CH0100027976,0,2025-06-05,NA,,
CH0100027997,1,2025-06-05,1475.6,,
CH0100027998,1,2025-06-05,1495.8,,
CH0100027999,1,2025-06-05,1243.8,,
CH0100028033,0,2025-06-05,NA,,
CH0100028054,1,2025-06-05,1271.9,,
CH0100028113,0,2025-06-05,NA,,
CH0100028125,0,2025-06-05,NA,,
CH0100028128,1,2025-06-05,NA,,
CH0100028209,1,2025-06-05,1283.4,,
CH0100028228,1,2025-06-05,1449.7,,
CH0100028246,1,2025-06-05,1436.3,,
CH0100028371,0,2025-06-05,NA,,
CH0100028620,0,2025-06-05,NA,,
CH0100030917,0,2025-06-05,NA,,
CH0100031555,0,2025-06-05,NA,,
CH0100033001,0,2025-06-05,NA,,
CH0100033196,0,2025-06-05,NA,,
CH0100033235,0,2025-06-05,NA,,
CH0100033346,1,2025-06-05,1451,,
CH0100034686,1,2025-06-05,NA,2025-08-01,1451
CH0100034687,1,2025-06-05,1471.1,2025-08-01,1467
CH0100035900,1,2025-06-05,1449.1,2025-08-01,1446
CH0100035902,0,2025-06-05,NA,,
CH0100035903,0,2025-06-05,NA,,
CH0100035906,1,2025-06-05,1494.9,,
CH0100035907,1,2025-06-05,1367.5,2025-08-01,1367
CH0100035992,0,2025-06-05,NA,,
CH0100037143,1,2025-06-05,1262.9,2025-08-01,1264
CH0100037148,1,2025-06-05,1421.1,2025-08-01,1419
CH0100037286,1,2025-06-05,1380.6,2025-08-01,1377
CH0100037288,1,2025-06-05,1423.2,2025-08-01,1419
CH0100037289,1,2025-06-05,1363.5,2025-08-01,1360
CH0100037333,1,2025-06-05,1386.3,,
CH0100037345,1,2025-06-05,1143.2,,
CH0100037348,1,2025-06-05,1376,2025-08-01,1375
CH0100037601,0,2025-06-05,NA,,
CH0100037602,0,2025-06-05,NA,,
CH0100037605,0,2025-06-05,NA,,
CH0100037608,1,2025-06-05,1478.8,2025-08-01,1471
CH0100037609,0,2025-06-05,NA,,
CH0100037611,0,2025-06-05,NA,,
CH0100037619,0,2025-06-05,NA,,
CH0100037620,1,2025-06-05,1455.1,2025-08-01,1453
CH0100037621,0,2025-06-05,NA,,
CH0100037626,0,2025-06-05,NA,,
CH0100037653,1,2025-06-05,1172.4,2025-08-01,1173
CH0100037655,0,2025-06-05,NA,,
CN0100000057,1,2025-06-05,1407.8,,
CN0100000078,1,2025-06-05,1390.1,2025-08-01,1386
CN0100000115,1,2025-06-05,1377,2025-08-01,1376
CN0100000175,1,2025-06-05,1312.2,2025-08-01,1312
CN0100000176,1,2025-06-05,1305.1,,
CN0100000180,1,2025-06-05,1387.8,2025-08-01,1387
CN0100000191,1,2025-06-05,1404.3,2025-08-01,1402
CN0100000416,1,2025-06-05,1487.1,2025-08-01,1483
CN0100000738,1,2025-06-05,1480.7,2025-08-01,1477
CN0100000744,1,2025-06-05,1497.6,2025-08-01,1493
CN0100000757,1,2025-06-05,1493.3,2025-08-01,1490
CN0100000760,1,2025-06-05,1484.7,2025-08-01,1481
CN0100000992,1,2025-06-05,1363.1,,
CN0100001611,1,2025-06-05,1368.2,2025-08-01,1368
CN0100001621,1,2025-06-05,1377.8,2025-08-01,1377
CN0100002233,1,2025-06-05,1555.4,2025-08-01,1538
CN0100002243,1,2025-06-05,1533.6,2025-08-01,1516
CN0100002245,1,2025-06-05,1538.4,2025-08-01,1527
CN0100002251,1,2025-06-05,1520.5,2025-08-01,1516
CN0100002596,1,2025-06-05,1483.6,2025-08-01,1479
CN0100002597,1,2025-06-05,1435.5,2025-08-01,1434
CN0100002598,1,2025-06-05,1400.8,2025-08-01,1400
CN0100002606,1,2025-06-05,1483,2025-08-01,1479
CN0100002607,1,2025-06-05,1449.2,2025-08-01,1446
CN0100002610,1,2025-06-05,1381.2,2025-08-01,1381
CN0100002611,1,2025-06-05,1326.5,2025-08-01,1327
CN0100002612,1,2025-06-05,1397.5,2025-08-01,1397
CN0100002617,1,2025-06-05,1491.6,2025-08-01,1485
CN0100002618,1,2025-06-05,1431.5,2025-08-01,1430
CN0100002623,1,2025-06-05,1465.1,2025-08-01,1463
CN0100002660,1,2025-06-05,1333.7,2025-08-01,1334
CN0100002788,1,2025-06-05,1403.4,2025-08-01,1402
CN0100002796,1,2025-06-05,1382,2025-08-01,1381
CN0100003913,1,2025-06-05,1481,2025-08-01,1478
CN0100003919,1,2025-06-05,1457.3,2025-08-01,1454
CN0100003923,1,2025-06-05,1473.3,2025-08-01,1469
CN0100003924,1,2025-06-05,1480.5,2025-08-01,1477
CN0100003952,1,2025-06-05,1466.4,2025-08-01,1462
CN0100003953,1,2025-06-05,1463.4,2025-08-01,1459
CN0100004959,1,2025-06-05,1203.5,2025-08-01,1205
CN0100004970,1,2025-06-05,1466.3,2025-08-01,1463
CN0100005013,1,2025-06-05,1404.5,2025-08-01,1404
CN0100005015,1,2025-06-05,1213.3,2025-08-01,1215
CN0100005019,1,2025-06-05,1409.4,2025-08-01,1409
CN0100005020,1,2025-06-05,1333.6,2025-08-01,1334
CN0100005258,1,2025-06-05,1531,2025-08-01,1529
CN0100005259,1,2025-06-05,1536.3,2025-08-01,1522
CN0100005260,1,2025-06-05,1515,2025-08-01,1511
CN0100005261,1,2025-06-05,1440.4,2025-08-01,1438
CN0100005280,1,2025-06-05,1483.1,2025-08-01,1479
CN0100005281,1,2025-06-05,1512.9,2025-08-01,1508
CN0100010502,1,2025-06-05,1317.8,2025-08-01,1317
CN0100010503,1,2025-06-05,1358.1,2025-08-01,1357
CN0100011408,1,2025-06-05,NA,2025-08-01,1480
CN0100011411,1,2025-06-05,NA,2025-08-01,1451
CN0100011429,1,2025-06-05,NA,,
CN0100011500,1,2025-06-05,1440.3,2025-08-01,1437
CN0100013261,1,2025-06-05,1475.3,2025-08-01,1472